{"cameraMode":{"drawMode":0,"name":"Shaded","section":"Shading Mode"},"sceneLighting":false,"audioPlay":false,"sceneViewState":{"m_AlwaysRefresh":false,"showFog":true,"showSkybox":false,"showFlares":true,"showImageEffects":true,"showParticleSystems":true,"showVisualEffectGraphs":true,"m_FxEnabled":true},"in2DMode":false,"pivot":{"x":5.448128700256348,"y":1.536858081817627,"z":15.209335327148438},"rotation":{"x":0.15583498775959016,"y":-0.03975046053528786,"z":0.005723806098103523,"w":0.9868142604827881},"size":14.576545715332032,"orthographic":false}