{"cameraMode":{"drawMode":0,"name":"Shaded","section":"Shading Mode"},"sceneLighting":false,"audioPlay":false,"sceneViewState":{"m_AlwaysRefresh":false,"showFog":true,"showSkybox":false,"showFlares":true,"showImageEffects":true,"showParticleSystems":true,"showVisualEffectGraphs":true,"m_FxEnabled":true},"in2DMode":false,"pivot":{"x":6.228689670562744,"y":1.9174913167953492,"z":10.736398696899414},"rotation":{"x":0.11585550010204315,"y":-0.0002904713910538703,"z":-0.0011520164553076029,"w":0.9932752251625061},"size":8.818242073059082,"orthographic":false}