{"cameraMode":{"drawMode":0,"name":"Shaded","section":"Shading Mode"},"sceneLighting":false,"audioPlay":false,"sceneViewState":{"m_AlwaysRefresh":false,"showFog":true,"showSkybox":false,"showFlares":true,"showImageEffects":true,"showParticleSystems":true,"showVisualEffectGraphs":true,"m_FxEnabled":true},"in2DMode":false,"pivot":{"x":6.140192985534668,"y":1.3207509517669678,"z":14.768621444702149},"rotation":{"x":0.09194587916135788,"y":0.019153418019413949,"z":-0.002951362170279026,"w":0.9955859184265137},"size":10.391780853271485,"orthographic":false}