{"cameraMode":{"drawMode":0,"name":"Shaded","section":"Shading Mode"},"sceneLighting":false,"audioPlay":false,"sceneViewState":{"m_AlwaysRefresh":false,"showFog":true,"showSkybox":false,"showFlares":true,"showImageEffects":true,"showParticleSystems":true,"showVisualEffectGraphs":true,"m_FxEnabled":true},"in2DMode":false,"pivot":{"x":5.448128700256348,"y":1.6368579864501954,"z":13.953458786010743},"rotation":{"x":0.49914315342903139,"y":0.004471675958484411,"z":-0.003949773032218218,"w":0.866519033908844},"size":17.68445587158203,"orthographic":false}