{"cameraMode":{"drawMode":0,"name":"Shaded","section":"Shading Mode"},"sceneLighting":false,"audioPlay":false,"sceneViewState":{"m_AlwaysRefresh":false,"showFog":true,"showSkybox":false,"showFlares":true,"showImageEffects":true,"showParticleSystems":true,"showVisualEffectGraphs":true,"m_FxEnabled":true},"in2DMode":false,"pivot":{"x":7.641169548034668,"y":2.5428285598754885,"z":16.83224105834961},"rotation":{"x":0.11714831739664078,"y":0.04798353090882301,"z":-0.00686348881572485,"w":0.9919260144233704},"size":10.618695259094239,"orthographic":false}