{"cameraMode":{"drawMode":0,"name":"Shaded","section":"Shading Mode"},"sceneLighting":false,"audioPlay":false,"sceneViewState":{"m_AlwaysRefresh":false,"showFog":true,"showSkybox":false,"showFlares":true,"showImageEffects":true,"showParticleSystems":true,"showVisualEffectGraphs":true,"m_FxEnabled":true},"in2DMode":false,"pivot":{"x":4.306273460388184,"y":2.3143200874328615,"z":20.455883026123048},"rotation":{"x":0.13669244945049287,"y":-0.00923079065978527,"z":0.0000823703667265363,"w":0.9905835390090942},"size":15.362435340881348,"orthographic":false}