{"cameraMode":{"drawMode":0,"name":"Shaded","section":"Shading Mode"},"sceneLighting":false,"audioPlay":false,"sceneViewState":{"m_AlwaysRefresh":false,"showFog":true,"showSkybox":false,"showFlares":true,"showImageEffects":true,"showParticleSystems":true,"showVisualEffectGraphs":true,"m_FxEnabled":true},"in2DMode":false,"pivot":{"x":6.9272074699401859,"y":-2.504441261291504,"z":13.844805717468262},"rotation":{"x":0.5715972781181336,"y":-0.14890430867671967,"z":0.10489125549793244,"w":0.8000874519348145},"size":22.584129333496095,"orthographic":false}