{"cameraMode":{"drawMode":0,"name":"Shaded","section":"Shading Mode"},"sceneLighting":false,"audioPlay":false,"sceneViewState":{"m_AlwaysRefresh":false,"showFog":true,"showSkybox":false,"showFlares":true,"showImageEffects":true,"showParticleSystems":true,"showVisualEffectGraphs":true,"m_FxEnabled":true},"in2DMode":false,"pivot":{"x":6.228607654571533,"y":-0.5313407778739929,"z":26.477581024169923},"rotation":{"x":-0.08590821176767349,"y":-0.036506641656160358,"z":0.004333657678216696,"w":-0.9956348538398743},"size":17.2720890045166,"orthographic":false}