{"cameraMode":{"drawMode":0,"name":"Shaded","section":"Shading Mode"},"sceneLighting":false,"audioPlay":false,"sceneViewState":{"m_AlwaysRefresh":false,"showFog":true,"showSkybox":false,"showFlares":true,"showImageEffects":true,"showParticleSystems":true,"showVisualEffectGraphs":true,"m_FxEnabled":true},"in2DMode":false,"pivot":{"x":5.806831359863281,"y":-1.7819973230361939,"z":10.447244644165039},"rotation":{"x":-0.11867184937000275,"y":-0.048495132476091388,"z":0.005848834291100502,"w":-0.9916852116584778},"size":2.633033275604248,"orthographic":false}