{"cameraMode":{"drawMode":0,"name":"Shaded","section":"Shading Mode"},"sceneLighting":false,"audioPlay":false,"sceneViewState":{"m_AlwaysRefresh":false,"showFog":true,"showSkybox":false,"showFlares":true,"showImageEffects":true,"showParticleSystems":true,"showVisualEffectGraphs":true,"m_FxEnabled":true},"in2DMode":false,"pivot":{"x":5.380000114440918,"y":1.6368579864501954,"z":13.953458786010743},"rotation":{"x":0.23582567274570466,"y":0.36981356143951418,"z":-0.09896764159202576,"w":0.8932319283485413},"size":19.277294158935548,"orthographic":false}