{"cameraMode":{"drawMode":0,"name":"Shaded","section":"Shading Mode"},"sceneLighting":false,"audioPlay":false,"sceneViewState":{"m_AlwaysRefresh":false,"showFog":true,"showSkybox":false,"showFlares":true,"showImageEffects":true,"showParticleSystems":true,"showVisualEffectGraphs":true,"m_FxEnabled":true},"in2DMode":false,"pivot":{"x":2.9764115810394289,"y":-1.0238327980041505,"z":18.617599487304689},"rotation":{"x":0.001685939496383071,"y":0.8893985748291016,"z":-0.45696136355400088,"w":0.005754848476499319},"size":23.18552017211914,"orthographic":false}